{"cameraMode":{"drawMode":0,"name":"Shaded","section":"Shading Mode"},"sceneLighting":false,"audioPlay":false,"sceneViewState":{"showFog":true,"showMaterialUpdate":false,"showSkybox":true,"showFlares":true,"showImageEffects":true,"showParticleSystems":true},"in2DMode":false,"pivot":{"x":0.7908494472503662,"y":0.0647897720336914,"z":-10.26144790649414},"rotation":{"x":-0.68404221534729,"y":0.00481194956228137,"z":-0.004512974061071873,"w":-0.7294126749038696},"size":12.018782615661621,"orthographic":false}